-- MySQL Administrator dump 1.4
--
-- ------------------------------------------------------
-- Server version	5.5.3-m3-community


/*!40101 SET @OLD_CHARACTER_SET_CLIENT=@@CHARACTER_SET_CLIENT */;
/*!40101 SET @OLD_CHARACTER_SET_RESULTS=@@CHARACTER_SET_RESULTS */;
/*!40101 SET @OLD_COLLATION_CONNECTION=@@COLLATION_CONNECTION */;
/*!40101 SET NAMES utf8 */;

/*!40014 SET @OLD_UNIQUE_CHECKS=@@UNIQUE_CHECKS, UNIQUE_CHECKS=0 */;
/*!40014 SET @OLD_FOREIGN_KEY_CHECKS=@@FOREIGN_KEY_CHECKS, FOREIGN_KEY_CHECKS=0 */;
/*!40101 SET @OLD_SQL_MODE=@@SQL_MODE, SQL_MODE='NO_AUTO_VALUE_ON_ZERO' */;


--
-- Create schema inventory
--

CREATE DATABASE IF NOT EXISTS inventory;
USE inventory;

--
-- Definition of table `configurations`
--

DROP TABLE IF EXISTS `configurations`;
CREATE TABLE `configurations` (
  `id` int(10) unsigned NOT NULL AUTO_INCREMENT,
  `value` text NOT NULL,
  `defaultValue` text NOT NULL,
  `isVisible` tinyint(1) NOT NULL,
  `isRequired` tinyint(1) NOT NULL,
  `type` text NOT NULL,
  `created` datetime NOT NULL,
  `updated` datetime NOT NULL,
  `name` text NOT NULL,
  PRIMARY KEY (`id`)
) ENGINE=InnoDB AUTO_INCREMENT=2 DEFAULT CHARSET=utf8;

--
-- Dumping data for table `configurations`
--

/*!40000 ALTER TABLE `configurations` DISABLE KEYS */;
INSERT INTO `configurations` (`id`,`value`,`defaultValue`,`isVisible`,`isRequired`,`type`,`created`,`updated`,`name`) VALUES 
 (1,'1.3','1.3',1,1,'PERCENT','2010-10-13 06:05:17','2010-10-13 06:05:17','products.default.markup.rate');
/*!40000 ALTER TABLE `configurations` ENABLE KEYS */;


--
-- Definition of table `inventories`
--

DROP TABLE IF EXISTS `inventories`;
CREATE TABLE `inventories` (
  `id` int(10) unsigned NOT NULL AUTO_INCREMENT,
  `product_id` int(10) unsigned NOT NULL,
  `cost` decimal(12,2) NOT NULL,
  `quantity` int(11) NOT NULL,
  `station_id` int(10) unsigned NOT NULL,
  `created` datetime NOT NULL,
  `updated` datetime NOT NULL,
  PRIMARY KEY (`id`)
) ENGINE=InnoDB AUTO_INCREMENT=93 DEFAULT CHARSET=utf8;

--
-- Dumping data for table `inventories`
--

/*!40000 ALTER TABLE `inventories` DISABLE KEYS */;
INSERT INTO `inventories` (`id`,`product_id`,`cost`,`quantity`,`station_id`,`created`,`updated`) VALUES 
 (1,1,'2272.00',100,1,'2011-01-04 03:25:59','2011-01-04 03:25:59'),
 (2,2,'2272.00',100,1,'2011-01-04 03:26:01','2011-01-04 03:26:01'),
 (3,3,'2272.00',100,1,'2011-01-04 03:26:03','2011-01-04 03:26:03'),
 (4,4,'2272.00',100,1,'2011-01-04 03:26:04','2011-01-04 03:26:04'),
 (5,5,'2272.00',100,1,'2011-01-04 03:26:05','2011-01-04 03:26:05'),
 (6,6,'2272.00',100,1,'2011-01-04 03:26:05','2011-01-04 03:26:05'),
 (7,7,'1818.00',100,1,'2011-01-04 03:26:06','2011-01-04 03:26:06'),
 (8,8,'1818.00',100,1,'2011-01-04 03:26:08','2011-01-04 03:26:08'),
 (9,9,'618.00',100,1,'2011-01-04 03:26:09','2011-01-04 03:26:09'),
 (10,10,'618.00',100,1,'2011-01-04 03:26:10','2011-01-04 03:26:10'),
 (11,11,'2272.00',100,1,'2011-01-04 03:26:11','2011-01-04 03:26:11'),
 (12,12,'2272.00',100,1,'2011-01-04 03:26:11','2011-01-04 03:26:11'),
 (13,13,'2272.00',100,1,'2011-01-04 03:26:12','2011-01-04 03:26:12'),
 (14,14,'2272.00',100,1,'2011-01-04 03:26:13','2011-01-04 03:26:13'),
 (15,15,'8272.00',100,1,'2011-01-04 03:26:14','2011-01-04 03:26:14'),
 (16,16,'8272.00',100,1,'2011-01-04 03:26:15','2011-01-04 03:26:15'),
 (17,17,'8272.00',100,1,'2011-01-04 03:26:16','2011-01-04 03:26:16'),
 (18,18,'8272.00',100,1,'2011-01-04 03:26:17','2011-01-04 03:26:17'),
 (19,19,'1190.00',100,1,'2011-01-04 03:26:18','2011-01-04 03:26:18'),
 (20,20,'380.00',100,1,'2011-01-04 03:26:19','2011-01-04 03:26:19'),
 (21,21,'741.00',100,1,'2011-01-04 03:26:20','2011-01-04 03:26:20'),
 (22,22,'250.00',100,1,'2011-01-04 03:26:21','2011-01-04 03:26:21'),
 (23,23,'3750.00',100,1,'2011-01-04 03:26:22','2011-01-04 03:26:22'),
 (24,1,'2272.00',100,2,'2011-01-04 03:26:24','2011-01-04 03:26:24'),
 (25,2,'2272.00',100,2,'2011-01-04 03:26:25','2011-01-04 03:26:25'),
 (26,3,'2272.00',100,2,'2011-01-04 03:26:26','2011-01-04 03:26:26'),
 (27,4,'2272.00',100,2,'2011-01-04 03:26:27','2011-01-04 03:26:27'),
 (28,5,'2272.00',100,2,'2011-01-04 03:26:28','2011-01-04 03:26:28'),
 (29,6,'2272.00',100,2,'2011-01-04 03:26:29','2011-01-04 03:26:29'),
 (30,7,'1818.00',100,2,'2011-01-04 03:26:30','2011-01-04 03:26:30'),
 (31,8,'1818.00',100,2,'2011-01-04 03:26:31','2011-01-04 03:26:31'),
 (32,9,'618.00',100,2,'2011-01-04 03:26:32','2011-01-04 03:26:32'),
 (33,10,'618.00',100,2,'2011-01-04 03:26:33','2011-01-04 03:26:33'),
 (34,11,'2272.00',100,2,'2011-01-04 03:26:34','2011-01-04 03:26:34'),
 (35,12,'2272.00',100,2,'2011-01-04 03:26:35','2011-01-04 03:26:35'),
 (36,13,'2272.00',100,2,'2011-01-04 03:26:36','2011-01-04 03:26:36'),
 (37,14,'2272.00',100,2,'2011-01-04 03:26:37','2011-01-04 03:26:37'),
 (38,15,'8272.00',100,2,'2011-01-04 03:26:38','2011-01-04 03:26:38'),
 (39,16,'8272.00',100,2,'2011-01-04 03:26:39','2011-01-04 03:26:39'),
 (40,17,'8272.00',100,2,'2011-01-04 03:26:40','2011-01-04 03:26:40'),
 (41,18,'8272.00',100,2,'2011-01-04 03:26:41','2011-01-04 03:26:41'),
 (42,19,'1190.00',100,2,'2011-01-04 03:26:42','2011-01-04 03:26:42'),
 (43,20,'380.00',100,2,'2011-01-04 03:26:43','2011-01-04 03:26:43'),
 (44,21,'741.00',100,2,'2011-01-04 03:26:44','2011-01-04 03:26:44'),
 (45,22,'250.00',100,2,'2011-01-04 03:26:45','2011-01-04 03:26:45'),
 (46,23,'3750.00',100,2,'2011-01-04 03:26:46','2011-01-04 03:26:46'),
 (47,1,'2272.00',100,3,'2011-01-04 03:26:48','2011-01-04 03:26:48'),
 (48,2,'2272.00',100,3,'2011-01-04 03:26:49','2011-01-04 03:26:49'),
 (49,3,'2272.00',100,3,'2011-01-04 03:26:50','2011-01-04 03:26:50'),
 (50,4,'2272.00',100,3,'2011-01-04 03:26:51','2011-01-04 03:26:51'),
 (51,5,'2272.00',100,3,'2011-01-04 03:26:52','2011-01-04 03:26:52'),
 (52,6,'2272.00',100,3,'2011-01-04 03:26:53','2011-01-04 03:26:53'),
 (53,7,'1818.00',100,3,'2011-01-04 03:26:54','2011-01-04 03:26:54'),
 (54,8,'1818.00',100,3,'2011-01-04 03:26:55','2011-01-04 03:26:55'),
 (55,9,'618.00',100,3,'2011-01-04 03:26:56','2011-01-04 03:26:56'),
 (56,10,'618.00',100,3,'2011-01-04 03:26:57','2011-01-04 03:26:57'),
 (57,11,'2272.00',100,3,'2011-01-04 03:26:58','2011-01-04 03:26:58'),
 (58,12,'2272.00',100,3,'2011-01-04 03:26:59','2011-01-04 03:26:59'),
 (59,13,'2272.00',100,3,'2011-01-04 03:27:00','2011-01-04 03:27:00'),
 (60,14,'2272.00',100,3,'2011-01-04 03:27:00','2011-01-04 03:27:00'),
 (61,15,'8272.00',100,3,'2011-01-04 03:27:01','2011-01-04 03:27:01'),
 (62,16,'8272.00',100,3,'2011-01-04 03:27:02','2011-01-04 03:27:02'),
 (63,17,'8272.00',100,3,'2011-01-04 03:27:03','2011-01-04 03:27:03'),
 (64,18,'8272.00',100,3,'2011-01-04 03:27:04','2011-01-04 03:27:04'),
 (65,19,'1190.00',100,3,'2011-01-04 03:27:05','2011-01-04 03:27:05'),
 (66,20,'380.00',100,3,'2011-01-04 03:27:06','2011-01-04 03:27:06'),
 (67,21,'741.00',100,3,'2011-01-04 03:27:07','2011-01-04 03:27:07'),
 (68,22,'250.00',100,3,'2011-01-04 03:27:09','2011-01-04 03:27:09'),
 (69,23,'3750.00',100,3,'2011-01-04 03:27:10','2011-01-04 03:27:10'),
 (70,1,'2272.00',100,4,'2011-01-04 03:27:12','2011-01-04 03:27:12'),
 (71,2,'2272.00',100,4,'2011-01-04 03:27:13','2011-01-04 03:27:13'),
 (72,3,'2272.00',100,4,'2011-01-04 03:27:14','2011-01-04 03:27:14'),
 (73,4,'2272.00',100,4,'2011-01-04 03:27:15','2011-01-04 03:27:15'),
 (74,5,'2272.00',100,4,'2011-01-04 03:27:16','2011-01-04 03:27:16'),
 (75,6,'2272.00',100,4,'2011-01-04 03:27:17','2011-01-04 03:27:17'),
 (76,7,'1818.00',100,4,'2011-01-04 03:27:18','2011-01-04 03:27:18'),
 (77,8,'1818.00',100,4,'2011-01-04 03:27:19','2011-01-04 03:27:19'),
 (78,9,'618.00',100,4,'2011-01-04 03:27:19','2011-01-04 03:27:19'),
 (79,10,'618.00',100,4,'2011-01-04 03:27:20','2011-01-04 03:27:20'),
 (80,11,'2272.00',100,4,'2011-01-04 03:27:22','2011-01-04 03:27:22'),
 (81,12,'2272.00',100,4,'2011-01-04 03:27:22','2011-01-04 03:27:22'),
 (82,13,'2272.00',100,4,'2011-01-04 03:27:23','2011-01-04 03:27:23'),
 (83,14,'2272.00',100,4,'2011-01-04 03:27:24','2011-01-04 03:27:24'),
 (84,15,'8272.00',100,4,'2011-01-04 03:27:25','2011-01-04 03:27:25'),
 (85,16,'8272.00',100,4,'2011-01-04 03:27:26','2011-01-04 03:27:26'),
 (86,17,'8272.00',100,4,'2011-01-04 03:27:27','2011-01-04 03:27:27'),
 (87,18,'8272.00',100,4,'2011-01-04 03:27:28','2011-01-04 03:27:28'),
 (88,19,'1190.00',100,4,'2011-01-04 03:27:29','2011-01-04 03:27:29'),
 (89,20,'380.00',100,4,'2011-01-04 03:27:30','2011-01-04 03:27:30'),
 (90,21,'741.00',100,4,'2011-01-04 03:27:31','2011-01-04 03:27:31'),
 (91,22,'250.00',100,4,'2011-01-04 03:27:32','2011-01-04 03:27:32'),
 (92,23,'3750.00',100,4,'2011-01-04 03:27:33','2011-01-04 03:27:33');
/*!40000 ALTER TABLE `inventories` ENABLE KEYS */;


--
-- Definition of table `inventory_items`
--

DROP TABLE IF EXISTS `inventory_items`;
CREATE TABLE `inventory_items` (
  `id` int(10) unsigned NOT NULL AUTO_INCREMENT,
  `product_id` int(10) unsigned NOT NULL,
  `supplier_id` int(10) unsigned NOT NULL,
  `price` decimal(10,2) NOT NULL,
  `created` datetime NOT NULL,
  `updated` datetime NOT NULL,
  PRIMARY KEY (`id`)
) ENGINE=InnoDB DEFAULT CHARSET=utf8;

--
-- Dumping data for table `inventory_items`
--

/*!40000 ALTER TABLE `inventory_items` DISABLE KEYS */;
/*!40000 ALTER TABLE `inventory_items` ENABLE KEYS */;


--
-- Definition of table `invoice_items`
--

DROP TABLE IF EXISTS `invoice_items`;
CREATE TABLE `invoice_items` (
  `id` int(10) unsigned NOT NULL AUTO_INCREMENT,
  `product_id` int(10) unsigned NOT NULL,
  `quantity` int(10) unsigned NOT NULL,
  `price` decimal(10,0) NOT NULL,
  `invoice_id` int(10) unsigned NOT NULL,
  `created` datetime NOT NULL,
  `updated` datetime NOT NULL,
  PRIMARY KEY (`id`)
) ENGINE=InnoDB DEFAULT CHARSET=utf8;

--
-- Dumping data for table `invoice_items`
--

/*!40000 ALTER TABLE `invoice_items` DISABLE KEYS */;
/*!40000 ALTER TABLE `invoice_items` ENABLE KEYS */;


--
-- Definition of table `invoices`
--

DROP TABLE IF EXISTS `invoices`;
CREATE TABLE `invoices` (
  `id` int(10) unsigned NOT NULL AUTO_INCREMENT,
  `total_net_price` decimal(10,2) NOT NULL,
  `total_gross_price` decimal(10,2) NOT NULL,
  `created` datetime NOT NULL,
  `updated` datetime NOT NULL,
  `station_id` int(10) unsigned NOT NULL,
  PRIMARY KEY (`id`)
) ENGINE=InnoDB DEFAULT CHARSET=utf8;

--
-- Dumping data for table `invoices`
--

/*!40000 ALTER TABLE `invoices` DISABLE KEYS */;
/*!40000 ALTER TABLE `invoices` ENABLE KEYS */;


--
-- Definition of table `products`
--

DROP TABLE IF EXISTS `products`;
CREATE TABLE `products` (
  `id` int(10) unsigned NOT NULL AUTO_INCREMENT,
  `name` text NOT NULL,
  `unit_cost` decimal(12,2) NOT NULL,
  `created` datetime NOT NULL,
  `updated` datetime NOT NULL,
  `description` text NOT NULL,
  `unit_price` decimal(12,2) NOT NULL,
  PRIMARY KEY (`id`)
) ENGINE=InnoDB AUTO_INCREMENT=24 DEFAULT CHARSET=utf8;

--
-- Dumping data for table `products`
--

/*!40000 ALTER TABLE `products` DISABLE KEYS */;
INSERT INTO `products` (`id`,`name`,`unit_cost`,`created`,`updated`,`description`,`unit_price`) VALUES 
 (1,'Nestle Fruit Selection Yogurt Strawberry 125g','22.72','2011-01-04 03:24:18','2011-01-04 03:24:18','Nestle Fruit Selection Yogurt Strawberry 125g','25.00'),
 (2,'Nestle Fruit Selection Yogurt Mango 125g','22.72','2011-01-04 03:24:19','2011-01-04 03:24:19','Nestle Fruit Selection Yogurt Mango 125g','25.00'),
 (3,'Nestle Fruit Selection Yogurt Melon 125g','22.72','2011-01-04 03:24:20','2011-01-04 03:24:20','Nestle Fruit Selection Yogurt Melon 125g','25.00'),
 (4,'Nestle Fruit Selection Yogurt Raspberry 125g','22.72','2011-01-04 03:24:22','2011-01-04 03:24:22','Nestle Fruit Selection Yogurt Raspberry 125g','25.00'),
 (5,'Nestle Fruit Selection Yogurt Berry 125g','22.72','2011-01-04 03:24:23','2011-01-04 03:24:23','Nestle Fruit Selection Yogurt Berry 125g','25.00'),
 (6,'Nestle Fruit Selection Yogurt Buco Nata 125g','22.72','2011-01-04 03:24:24','2011-01-04 03:24:24','Nestle Fruit Selection Yogurt Buco Nata 125g','25.00'),
 (7,'Nestle Jelly Yogurt Strawberry 120g','18.18','2011-01-04 03:24:25','2011-01-04 03:24:25','Nestle Jelly Yogurt Strawberry 120g','20.00'),
 (8,'Nestle Jelly Yogurt Buco Pandan 120g','18.18','2011-01-04 03:24:26','2011-01-04 03:24:26','Nestle Jelly Yogurt Buco Pandan 120g','20.00'),
 (9,'Nestle Bear Brand Probiotics original 78ml','6.18','2011-01-04 03:24:27','2011-01-04 03:24:27','Nestle Bear Brand Probiotics original 78ml','8.00'),
 (10,'Nestle Bear Brand Probiotics strawberry 78ml','6.18','2011-01-04 03:24:29','2011-01-04 03:24:29','Nestle Bear Brand Probiotics strawberry 78ml','8.00'),
 (11,'Nestle premium dairy (low fat MILK) 200ml','22.72','2011-01-04 03:24:30','2011-01-04 03:24:30','Nestle premium dairy (low fat MILK) 200ml','28.00'),
 (12,'Nestle premium dairy (chocolate) 200ml','22.72','2011-01-04 03:24:31','2011-01-04 03:24:31','Nestle premium dairy (chocolate) 200ml','28.00'),
 (13,'Nestle premium dairy (low fat chocolate) 200ml','22.72','2011-01-04 03:24:32','2011-01-04 03:24:32','Nestle premium dairy (low fat chocolate) 200ml','28.00'),
 (14,'Nestle premium dairy (melon) 200ml','22.72','2011-01-04 03:24:32','2011-01-04 03:24:32','Nestle premium dairy (melon) 200ml','28.00'),
 (15,'Nestle premium dairy (low fat MILK) 1 liter','82.72','2011-01-04 03:24:33','2011-01-04 03:24:33','Nestle premium dairy (low fat MILK) 1 liter','85.00'),
 (16,'Nestle premium dairy (chocolate) 1 liter','82.72','2011-01-04 03:24:34','2011-01-04 03:24:34','Nestle premium dairy (chocolate) 1 liter','85.00'),
 (17,'Nestle premium dairy (low fat chocolate) 1 liter','82.72','2011-01-04 03:24:35','2011-01-04 03:24:35','Nestle premium dairy (low fat chocolate) 1 liter','85.00'),
 (18,'Nestle premium dairy (melon) 1 liter','82.72','2011-01-04 03:24:36','2011-01-04 03:24:36','Nestle premium dairy (melon) 1 liter','85.00'),
 (19,'Nesvita Cereal Milk Drink','11.90','2011-01-04 03:24:37','2011-01-04 03:24:37','Nesvita Cereal Milk Drink','15.00'),
 (20,'Nescafe 3-in-1 original sachet','3.80','2011-01-04 03:24:39','2011-01-04 03:24:39','Nescafe 3-in-1 original sachet','5.00'),
 (21,'Milo 3-in-1','7.41','2011-01-04 03:24:40','2011-01-04 03:24:40','Milo 3-in-1','10.00'),
 (22,'Banana','2.50','2011-01-04 03:24:41','2011-01-04 03:24:41','Banana','5.00'),
 (23,'Cereals with fruit and yogurt','37.50','2011-01-04 03:24:42','2011-01-04 03:24:42','Cereals with fruit and yogurt','45.00');
/*!40000 ALTER TABLE `products` ENABLE KEYS */;


--
-- Definition of table `purchase_order_request_items`
--

DROP TABLE IF EXISTS `purchase_order_request_items`;
CREATE TABLE `purchase_order_request_items` (
  `id` int(10) unsigned NOT NULL AUTO_INCREMENT,
  `product_id` int(10) unsigned NOT NULL,
  `purchase_order_request_id` int(10) unsigned DEFAULT NULL,
  `quantity` int(10) unsigned NOT NULL,
  `created` datetime NOT NULL,
  `updated` datetime NOT NULL,
  PRIMARY KEY (`id`)
) ENGINE=InnoDB DEFAULT CHARSET=utf8;

--
-- Dumping data for table `purchase_order_request_items`
--

/*!40000 ALTER TABLE `purchase_order_request_items` DISABLE KEYS */;
/*!40000 ALTER TABLE `purchase_order_request_items` ENABLE KEYS */;


--
-- Definition of table `purchase_order_requests`
--

DROP TABLE IF EXISTS `purchase_order_requests`;
CREATE TABLE `purchase_order_requests` (
  `id` int(10) unsigned NOT NULL,
  `supplier_id` int(10) unsigned DEFAULT NULL,
  `user_id` int(10) unsigned NOT NULL,
  `approvedBy` int(10) unsigned DEFAULT NULL,
  `cancelledBy` int(10) unsigned DEFAULT NULL,
  `dateCancelled` datetime DEFAULT NULL,
  `dateApproved` datetime DEFAULT NULL,
  `remarks` text NOT NULL,
  `created` datetime NOT NULL,
  `updated` datetime NOT NULL,
  `code` text NOT NULL,
  PRIMARY KEY (`id`)
) ENGINE=InnoDB DEFAULT CHARSET=utf8;

--
-- Dumping data for table `purchase_order_requests`
--

/*!40000 ALTER TABLE `purchase_order_requests` DISABLE KEYS */;
/*!40000 ALTER TABLE `purchase_order_requests` ENABLE KEYS */;


--
-- Definition of table `station_assignments`
--

DROP TABLE IF EXISTS `station_assignments`;
CREATE TABLE `station_assignments` (
  `id` int(10) unsigned NOT NULL AUTO_INCREMENT,
  `station_id` int(10) unsigned NOT NULL,
  `user_id` int(10) unsigned NOT NULL,
  `created` datetime NOT NULL,
  `updated` datetime NOT NULL,
  PRIMARY KEY (`id`)
) ENGINE=InnoDB DEFAULT CHARSET=utf8;

--
-- Dumping data for table `station_assignments`
--

/*!40000 ALTER TABLE `station_assignments` DISABLE KEYS */;
/*!40000 ALTER TABLE `station_assignments` ENABLE KEYS */;


--
-- Definition of table `station_prices`
--

DROP TABLE IF EXISTS `station_prices`;
CREATE TABLE `station_prices` (
  `id` int(10) unsigned NOT NULL AUTO_INCREMENT,
  `station_id` int(10) unsigned NOT NULL,
  `product_id` int(10) unsigned NOT NULL,
  `price` decimal(12,2) NOT NULL,
  `created` datetime NOT NULL,
  `updated` datetime NOT NULL,
  PRIMARY KEY (`id`)
) ENGINE=InnoDB AUTO_INCREMENT=93 DEFAULT CHARSET=utf8;

--
-- Dumping data for table `station_prices`
--

/*!40000 ALTER TABLE `station_prices` DISABLE KEYS */;
INSERT INTO `station_prices` (`id`,`station_id`,`product_id`,`price`,`created`,`updated`) VALUES 
 (1,1,1,'25.00','2011-01-04 03:25:33','2011-01-04 03:25:33'),
 (2,1,2,'25.00','2011-01-04 03:25:33','2011-01-04 03:25:33'),
 (3,1,3,'25.00','2011-01-04 03:25:33','2011-01-04 03:25:33'),
 (4,1,4,'25.00','2011-01-04 03:25:33','2011-01-04 03:25:33'),
 (5,1,5,'25.00','2011-01-04 03:25:33','2011-01-04 03:25:33'),
 (6,1,6,'25.00','2011-01-04 03:25:33','2011-01-04 03:25:33'),
 (7,1,7,'20.00','2011-01-04 03:25:33','2011-01-04 03:25:33'),
 (8,1,8,'20.00','2011-01-04 03:25:33','2011-01-04 03:25:33'),
 (9,1,9,'8.00','2011-01-04 03:25:33','2011-01-04 03:25:33'),
 (10,1,10,'8.00','2011-01-04 03:25:33','2011-01-04 03:25:33'),
 (11,1,11,'28.00','2011-01-04 03:25:34','2011-01-04 03:25:34'),
 (12,1,12,'28.00','2011-01-04 03:25:34','2011-01-04 03:25:34'),
 (13,1,13,'28.00','2011-01-04 03:25:34','2011-01-04 03:25:34'),
 (14,1,14,'28.00','2011-01-04 03:25:34','2011-01-04 03:25:34'),
 (15,1,15,'85.00','2011-01-04 03:25:34','2011-01-04 03:25:34'),
 (16,1,16,'85.00','2011-01-04 03:25:34','2011-01-04 03:25:34'),
 (17,1,17,'85.00','2011-01-04 03:25:34','2011-01-04 03:25:34'),
 (18,1,18,'85.00','2011-01-04 03:25:34','2011-01-04 03:25:34'),
 (19,1,19,'15.00','2011-01-04 03:25:34','2011-01-04 03:25:34'),
 (20,1,20,'5.00','2011-01-04 03:25:34','2011-01-04 03:25:34'),
 (21,1,21,'10.00','2011-01-04 03:25:34','2011-01-04 03:25:34'),
 (22,1,22,'5.00','2011-01-04 03:25:34','2011-01-04 03:25:34'),
 (23,1,23,'45.00','2011-01-04 03:25:34','2011-01-04 03:25:34'),
 (24,2,1,'25.00','2011-01-04 03:25:35','2011-01-04 03:25:35'),
 (25,2,2,'25.00','2011-01-04 03:25:35','2011-01-04 03:25:35'),
 (26,2,3,'25.00','2011-01-04 03:25:35','2011-01-04 03:25:35'),
 (27,2,4,'25.00','2011-01-04 03:25:35','2011-01-04 03:25:35'),
 (28,2,5,'25.00','2011-01-04 03:25:35','2011-01-04 03:25:35'),
 (29,2,6,'25.00','2011-01-04 03:25:35','2011-01-04 03:25:35'),
 (30,2,7,'20.00','2011-01-04 03:25:35','2011-01-04 03:25:35'),
 (31,2,8,'20.00','2011-01-04 03:25:35','2011-01-04 03:25:35'),
 (32,2,9,'8.00','2011-01-04 03:25:35','2011-01-04 03:25:35'),
 (33,2,10,'8.00','2011-01-04 03:25:35','2011-01-04 03:25:35'),
 (34,2,11,'28.00','2011-01-04 03:25:35','2011-01-04 03:25:35'),
 (35,2,12,'28.00','2011-01-04 03:25:35','2011-01-04 03:25:35'),
 (36,2,13,'28.00','2011-01-04 03:25:35','2011-01-04 03:25:35'),
 (37,2,14,'28.00','2011-01-04 03:25:36','2011-01-04 03:25:36'),
 (38,2,15,'85.00','2011-01-04 03:25:36','2011-01-04 03:25:36'),
 (39,2,16,'85.00','2011-01-04 03:25:36','2011-01-04 03:25:36'),
 (40,2,17,'85.00','2011-01-04 03:25:36','2011-01-04 03:25:36'),
 (41,2,18,'85.00','2011-01-04 03:25:36','2011-01-04 03:25:36'),
 (42,2,19,'15.00','2011-01-04 03:25:36','2011-01-04 03:25:36'),
 (43,2,20,'5.00','2011-01-04 03:25:36','2011-01-04 03:25:36'),
 (44,2,21,'10.00','2011-01-04 03:25:36','2011-01-04 03:25:36'),
 (45,2,22,'5.00','2011-01-04 03:25:36','2011-01-04 03:25:36'),
 (46,2,23,'45.00','2011-01-04 03:25:36','2011-01-04 03:25:36'),
 (47,3,1,'25.00','2011-01-04 03:25:37','2011-01-04 03:25:37'),
 (48,3,2,'25.00','2011-01-04 03:25:37','2011-01-04 03:25:37'),
 (49,3,3,'25.00','2011-01-04 03:25:37','2011-01-04 03:25:37'),
 (50,3,4,'25.00','2011-01-04 03:25:37','2011-01-04 03:25:37'),
 (51,3,5,'25.00','2011-01-04 03:25:37','2011-01-04 03:25:37'),
 (52,3,6,'25.00','2011-01-04 03:25:37','2011-01-04 03:25:37'),
 (53,3,7,'20.00','2011-01-04 03:25:37','2011-01-04 03:25:37'),
 (54,3,8,'20.00','2011-01-04 03:25:37','2011-01-04 03:25:37'),
 (55,3,9,'8.00','2011-01-04 03:25:37','2011-01-04 03:25:37'),
 (56,3,10,'8.00','2011-01-04 03:25:37','2011-01-04 03:25:37'),
 (57,3,11,'28.00','2011-01-04 03:25:38','2011-01-04 03:25:38'),
 (58,3,12,'28.00','2011-01-04 03:25:38','2011-01-04 03:25:38'),
 (59,3,13,'28.00','2011-01-04 03:25:38','2011-01-04 03:25:38'),
 (60,3,14,'28.00','2011-01-04 03:25:38','2011-01-04 03:25:38'),
 (61,3,15,'85.00','2011-01-04 03:25:38','2011-01-04 03:25:38'),
 (62,3,16,'85.00','2011-01-04 03:25:38','2011-01-04 03:25:38'),
 (63,3,17,'85.00','2011-01-04 03:25:38','2011-01-04 03:25:38'),
 (64,3,18,'85.00','2011-01-04 03:25:38','2011-01-04 03:25:38'),
 (65,3,19,'15.00','2011-01-04 03:25:38','2011-01-04 03:25:38'),
 (66,3,20,'5.00','2011-01-04 03:25:38','2011-01-04 03:25:38'),
 (67,3,21,'10.00','2011-01-04 03:25:38','2011-01-04 03:25:38'),
 (68,3,22,'5.00','2011-01-04 03:25:38','2011-01-04 03:25:38'),
 (69,3,23,'45.00','2011-01-04 03:25:38','2011-01-04 03:25:38'),
 (70,4,1,'25.00','2011-01-04 03:25:39','2011-01-04 03:25:39'),
 (71,4,2,'25.00','2011-01-04 03:25:39','2011-01-04 03:25:39'),
 (72,4,3,'25.00','2011-01-04 03:25:39','2011-01-04 03:25:39'),
 (73,4,4,'25.00','2011-01-04 03:25:39','2011-01-04 03:25:39'),
 (74,4,5,'25.00','2011-01-04 03:25:39','2011-01-04 03:25:39'),
 (75,4,6,'25.00','2011-01-04 03:25:39','2011-01-04 03:25:39'),
 (76,4,7,'20.00','2011-01-04 03:25:39','2011-01-04 03:25:39'),
 (77,4,8,'20.00','2011-01-04 03:25:39','2011-01-04 03:25:39'),
 (78,4,9,'8.00','2011-01-04 03:25:39','2011-01-04 03:25:39'),
 (79,4,10,'8.00','2011-01-04 03:25:39','2011-01-04 03:25:39'),
 (80,4,11,'28.00','2011-01-04 03:25:39','2011-01-04 03:25:39'),
 (81,4,12,'28.00','2011-01-04 03:25:39','2011-01-04 03:25:39'),
 (82,4,13,'28.00','2011-01-04 03:25:39','2011-01-04 03:25:39'),
 (83,4,14,'28.00','2011-01-04 03:25:39','2011-01-04 03:25:39'),
 (84,4,15,'85.00','2011-01-04 03:25:39','2011-01-04 03:25:39'),
 (85,4,16,'85.00','2011-01-04 03:25:39','2011-01-04 03:25:39'),
 (86,4,17,'85.00','2011-01-04 03:25:39','2011-01-04 03:25:39'),
 (87,4,18,'85.00','2011-01-04 03:25:39','2011-01-04 03:25:39'),
 (88,4,19,'15.00','2011-01-04 03:25:39','2011-01-04 03:25:39'),
 (89,4,20,'5.00','2011-01-04 03:25:39','2011-01-04 03:25:39'),
 (90,4,21,'10.00','2011-01-04 03:25:39','2011-01-04 03:25:39'),
 (91,4,22,'5.00','2011-01-04 03:25:39','2011-01-04 03:25:39'),
 (92,4,23,'45.00','2011-01-04 03:25:39','2011-01-04 03:25:39');
/*!40000 ALTER TABLE `station_prices` ENABLE KEYS */;


--
-- Definition of table `stations`
--

DROP TABLE IF EXISTS `stations`;
CREATE TABLE `stations` (
  `id` int(10) unsigned NOT NULL AUTO_INCREMENT,
  `name` text NOT NULL,
  `description` text NOT NULL,
  `created` datetime NOT NULL,
  `updated` datetime NOT NULL,
  PRIMARY KEY (`id`)
) ENGINE=InnoDB AUTO_INCREMENT=5 DEFAULT CHARSET=utf8;

--
-- Dumping data for table `stations`
--

/*!40000 ALTER TABLE `stations` DISABLE KEYS */;
INSERT INTO `stations` (`id`,`name`,`description`,`created`,`updated`) VALUES 
 (1,'Libis, Talisay','Libis, Talisay','2011-01-04 03:25:33','2011-01-04 03:25:33'),
 (2,'Concentrix','Concentrix','2011-01-04 03:25:35','2011-01-04 03:25:35'),
 (3,'PSSC','PSSC','2011-01-04 03:25:37','2011-01-04 03:25:37'),
 (4,'Antipolo','Antipolo','2011-01-04 03:25:39','2011-01-04 03:25:39');
/*!40000 ALTER TABLE `stations` ENABLE KEYS */;


--
-- Definition of table `stations_users`
--

DROP TABLE IF EXISTS `stations_users`;
CREATE TABLE `stations_users` (
  `id` int(10) unsigned NOT NULL AUTO_INCREMENT,
  `user_id` int(10) unsigned NOT NULL,
  `station_id` int(10) unsigned NOT NULL,
  `created` datetime NOT NULL,
  `updated` datetime NOT NULL,
  PRIMARY KEY (`id`)
) ENGINE=InnoDB DEFAULT CHARSET=utf8;

--
-- Dumping data for table `stations_users`
--

/*!40000 ALTER TABLE `stations_users` DISABLE KEYS */;
/*!40000 ALTER TABLE `stations_users` ENABLE KEYS */;


--
-- Definition of table `supplier_products`
--

DROP TABLE IF EXISTS `supplier_products`;
CREATE TABLE `supplier_products` (
  `id` int(10) unsigned NOT NULL AUTO_INCREMENT,
  `supplier_id` int(10) unsigned NOT NULL,
  `product_id` int(10) unsigned NOT NULL,
  `created` datetime NOT NULL,
  `updated` datetime NOT NULL,
  `cost` decimal(12,2) NOT NULL,
  PRIMARY KEY (`id`)
) ENGINE=InnoDB AUTO_INCREMENT=24 DEFAULT CHARSET=utf8;

--
-- Dumping data for table `supplier_products`
--

/*!40000 ALTER TABLE `supplier_products` DISABLE KEYS */;
INSERT INTO `supplier_products` (`id`,`supplier_id`,`product_id`,`created`,`updated`,`cost`) VALUES 
 (1,1,1,'2011-01-04 03:25:04','2011-01-04 03:25:04','22.72'),
 (2,1,9,'2011-01-04 03:25:04','2011-01-04 03:25:04','6.18'),
 (3,1,3,'2011-01-04 03:25:05','2011-01-04 03:25:05','22.72'),
 (4,1,18,'2011-01-04 03:25:06','2011-01-04 03:25:06','82.72'),
 (5,1,14,'2011-01-04 03:25:07','2011-01-04 03:25:07','22.72'),
 (6,1,2,'2011-01-04 03:25:07','2011-01-04 03:25:07','22.72'),
 (7,1,8,'2011-01-04 03:25:08','2011-01-04 03:25:08','18.18'),
 (8,1,17,'2011-01-04 03:25:09','2011-01-04 03:25:09','82.72'),
 (9,1,10,'2011-01-04 03:25:09','2011-01-04 03:25:09','6.18'),
 (10,1,6,'2011-01-04 03:25:10','2011-01-04 03:25:10','22.72'),
 (11,1,7,'2011-01-04 03:25:11','2011-01-04 03:25:11','18.18'),
 (12,1,15,'2011-01-04 03:25:11','2011-01-04 03:25:11','82.72'),
 (13,1,11,'2011-01-04 03:25:12','2011-01-04 03:25:12','22.72'),
 (14,1,12,'2011-01-04 03:25:13','2011-01-04 03:25:13','22.72'),
 (15,1,16,'2011-01-04 03:25:13','2011-01-04 03:25:13','82.72'),
 (16,1,5,'2011-01-04 03:25:14','2011-01-04 03:25:14','22.72'),
 (17,1,13,'2011-01-04 03:25:15','2011-01-04 03:25:15','22.72'),
 (18,1,4,'2011-01-04 03:25:16','2011-01-04 03:25:16','22.72'),
 (19,2,19,'2011-01-04 03:25:18','2011-01-04 03:25:18','11.90'),
 (20,2,20,'2011-01-04 03:25:19','2011-01-04 03:25:19','3.80'),
 (21,2,21,'2011-01-04 03:25:19','2011-01-04 03:25:19','7.41'),
 (22,3,22,'2011-01-04 03:25:21','2011-01-04 03:25:21','2.50'),
 (23,4,23,'2011-01-04 03:25:24','2011-01-04 03:25:24','37.50');
/*!40000 ALTER TABLE `supplier_products` ENABLE KEYS */;


--
-- Definition of table `suppliers`
--

DROP TABLE IF EXISTS `suppliers`;
CREATE TABLE `suppliers` (
  `id` int(10) unsigned NOT NULL AUTO_INCREMENT,
  `name` text NOT NULL,
  `description` text NOT NULL,
  `created` datetime NOT NULL,
  `updated` datetime NOT NULL,
  PRIMARY KEY (`id`)
) ENGINE=InnoDB AUTO_INCREMENT=5 DEFAULT CHARSET=utf8;

--
-- Dumping data for table `suppliers`
--

/*!40000 ALTER TABLE `suppliers` DISABLE KEYS */;
INSERT INTO `suppliers` (`id`,`name`,`description`,`created`,`updated`) VALUES 
 (1,'Golden Chill Mktg Co.','','2011-01-04 03:24:50','2011-01-04 03:24:50'),
 (2,'Nestle Staff Shop','','2011-01-04 03:24:52','2011-01-04 03:24:52'),
 (3,'wet market','','2011-01-04 03:24:53','2011-01-04 03:24:53'),
 (4,'various','','2011-01-04 03:24:53','2011-01-04 03:24:53');
/*!40000 ALTER TABLE `suppliers` ENABLE KEYS */;


--
-- Definition of table `transactions`
--

DROP TABLE IF EXISTS `transactions`;
CREATE TABLE `transactions` (
  `id` int(10) unsigned NOT NULL AUTO_INCREMENT,
  `inventory_id` int(10) unsigned NOT NULL,
  `user_id` int(10) unsigned NOT NULL,
  `transaction_type` text NOT NULL,
  `old_cost` decimal(12,4) NOT NULL,
  `old_quantity` int(11) NOT NULL,
  `new_cost` decimal(12,4) NOT NULL,
  `new_quantity` int(11) NOT NULL,
  `remarks` text NOT NULL,
  `created` datetime NOT NULL,
  `updated` datetime NOT NULL,
  `transaction_number` text NOT NULL,
  `station_id` int(10) unsigned NOT NULL,
  `product_id` int(10) unsigned NOT NULL,
  PRIMARY KEY (`id`)
) ENGINE=InnoDB AUTO_INCREMENT=93 DEFAULT CHARSET=utf8;

--
-- Dumping data for table `transactions`
--

/*!40000 ALTER TABLE `transactions` DISABLE KEYS */;
INSERT INTO `transactions` (`id`,`inventory_id`,`user_id`,`transaction_type`,`old_cost`,`old_quantity`,`new_cost`,`new_quantity`,`remarks`,`created`,`updated`,`transaction_number`,`station_id`,`product_id`) VALUES 
 (1,1,1,'GOODS_RECEIVED','0.0000',0,'2272.0000',100,'GR-4d229347886c7','2011-01-04 03:25:59','2011-01-04 03:25:59','GR-4d229347886c7',1,1),
 (2,2,1,'GOODS_RECEIVED','0.0000',0,'2272.0000',100,'GR-4d2293497a448','2011-01-04 03:26:01','2011-01-04 03:26:01','GR-4d2293497a448',1,2),
 (3,3,1,'GOODS_RECEIVED','0.0000',0,'2272.0000',100,'GR-4d22934b33260','2011-01-04 03:26:03','2011-01-04 03:26:03','GR-4d22934b33260',1,3),
 (4,4,1,'GOODS_RECEIVED','0.0000',0,'2272.0000',100,'GR-4d22934c2ad31','2011-01-04 03:26:04','2011-01-04 03:26:04','GR-4d22934c2ad31',1,4),
 (5,5,1,'GOODS_RECEIVED','0.0000',0,'2272.0000',100,'GR-4d22934d160f8','2011-01-04 03:26:05','2011-01-04 03:26:05','GR-4d22934d160f8',1,5),
 (6,6,1,'GOODS_RECEIVED','0.0000',0,'2272.0000',100,'GR-4d22934df1e68','2011-01-04 03:26:05','2011-01-04 03:26:05','GR-4d22934df1e68',1,6),
 (7,7,1,'GOODS_RECEIVED','0.0000',0,'1818.0000',100,'GR-4d22934ee5e48','2011-01-04 03:26:06','2011-01-04 03:26:06','GR-4d22934ee5e48',1,7),
 (8,8,1,'GOODS_RECEIVED','0.0000',0,'1818.0000',100,'GR-4d2293504f78f','2011-01-04 03:26:08','2011-01-04 03:26:08','GR-4d2293504f78f',1,8),
 (9,9,1,'GOODS_RECEIVED','0.0000',0,'618.0000',100,'GR-4d229351326d0','2011-01-04 03:26:09','2011-01-04 03:26:09','GR-4d229351326d0',1,9),
 (10,10,1,'GOODS_RECEIVED','0.0000',0,'618.0000',100,'GR-4d2293522e599','2011-01-04 03:26:10','2011-01-04 03:26:10','GR-4d2293522e599',1,10),
 (11,11,1,'GOODS_RECEIVED','0.0000',0,'2272.0000',100,'GR-4d22935313866','2011-01-04 03:26:11','2011-01-04 03:26:11','GR-4d22935313866',1,11),
 (12,12,1,'GOODS_RECEIVED','0.0000',0,'2272.0000',100,'GR-4d229353f008a','2011-01-04 03:26:11','2011-01-04 03:26:11','GR-4d229353f008a',1,12),
 (13,13,1,'GOODS_RECEIVED','0.0000',0,'2272.0000',100,'GR-4d229354d739c','2011-01-04 03:26:12','2011-01-04 03:26:12','GR-4d229354d739c',1,13),
 (14,14,1,'GOODS_RECEIVED','0.0000',0,'2272.0000',100,'GR-4d229355c3ddf','2011-01-04 03:26:13','2011-01-04 03:26:13','GR-4d229355c3ddf',1,14),
 (15,15,1,'GOODS_RECEIVED','0.0000',0,'8272.0000',100,'GR-4d229356d743d','2011-01-04 03:26:14','2011-01-04 03:26:14','GR-4d229356d743d',1,15),
 (16,16,1,'GOODS_RECEIVED','0.0000',0,'8272.0000',100,'GR-4d229357e9f30','2011-01-04 03:26:15','2011-01-04 03:26:15','GR-4d229357e9f30',1,16),
 (17,17,1,'GOODS_RECEIVED','0.0000',0,'8272.0000',100,'GR-4d229358e99c1','2011-01-04 03:26:16','2011-01-04 03:26:16','GR-4d229358e99c1',1,17),
 (18,18,1,'GOODS_RECEIVED','0.0000',0,'8272.0000',100,'GR-4d229359c9042','2011-01-04 03:26:17','2011-01-04 03:26:17','GR-4d229359c9042',1,18),
 (19,19,1,'GOODS_RECEIVED','0.0000',0,'1190.0000',100,'GR-4d22935abab42','2011-01-04 03:26:18','2011-01-04 03:26:18','GR-4d22935abab42',1,19),
 (20,20,1,'GOODS_RECEIVED','0.0000',0,'380.0000',100,'GR-4d22935bdaa4a','2011-01-04 03:26:19','2011-01-04 03:26:19','GR-4d22935bdaa4a',1,20),
 (21,21,1,'GOODS_RECEIVED','0.0000',0,'741.0000',100,'GR-4d22935ce3d4a','2011-01-04 03:26:20','2011-01-04 03:26:20','GR-4d22935ce3d4a',1,21),
 (22,22,1,'GOODS_RECEIVED','0.0000',0,'250.0000',100,'GR-4d22935ddf44a','2011-01-04 03:26:21','2011-01-04 03:26:21','GR-4d22935ddf44a',1,22),
 (23,23,1,'GOODS_RECEIVED','0.0000',0,'3750.0000',100,'GR-4d22935ec6cd6','2011-01-04 03:26:22','2011-01-04 03:26:22','GR-4d22935ec6cd6',1,23),
 (24,24,1,'GOODS_RECEIVED','0.0000',0,'2272.0000',100,'GR-4d229360efd9e','2011-01-04 03:26:24','2011-01-04 03:26:24','GR-4d229360efd9e',2,1),
 (25,25,1,'GOODS_RECEIVED','0.0000',0,'2272.0000',100,'GR-4d229361e5e52','2011-01-04 03:26:25','2011-01-04 03:26:25','GR-4d229361e5e52',2,2),
 (26,26,1,'GOODS_RECEIVED','0.0000',0,'2272.0000',100,'GR-4d229362c6634','2011-01-04 03:26:26','2011-01-04 03:26:26','GR-4d229362c6634',2,3),
 (27,27,1,'GOODS_RECEIVED','0.0000',0,'2272.0000',100,'GR-4d229363a8ce2','2011-01-04 03:26:27','2011-01-04 03:26:27','GR-4d229363a8ce2',2,4),
 (28,28,1,'GOODS_RECEIVED','0.0000',0,'2272.0000',100,'GR-4d229364a9f03','2011-01-04 03:26:28','2011-01-04 03:26:28','GR-4d229364a9f03',2,5),
 (29,29,1,'GOODS_RECEIVED','0.0000',0,'2272.0000',100,'GR-4d229365a21be','2011-01-04 03:26:29','2011-01-04 03:26:29','GR-4d229365a21be',2,6),
 (30,30,1,'GOODS_RECEIVED','0.0000',0,'1818.0000',100,'GR-4d229366c72b6','2011-01-04 03:26:30','2011-01-04 03:26:30','GR-4d229366c72b6',2,7),
 (31,31,1,'GOODS_RECEIVED','0.0000',0,'1818.0000',100,'GR-4d229367b48a1','2011-01-04 03:26:31','2011-01-04 03:26:31','GR-4d229367b48a1',2,8),
 (32,32,1,'GOODS_RECEIVED','0.0000',0,'618.0000',100,'GR-4d229368a6414','2011-01-04 03:26:32','2011-01-04 03:26:32','GR-4d229368a6414',2,9),
 (33,33,1,'GOODS_RECEIVED','0.0000',0,'618.0000',100,'GR-4d2293698e1cd','2011-01-04 03:26:33','2011-01-04 03:26:33','GR-4d2293698e1cd',2,10),
 (34,34,1,'GOODS_RECEIVED','0.0000',0,'2272.0000',100,'GR-4d22936a76fc0','2011-01-04 03:26:34','2011-01-04 03:26:34','GR-4d22936a76fc0',2,11),
 (35,35,1,'GOODS_RECEIVED','0.0000',0,'2272.0000',100,'GR-4d22936b636e0','2011-01-04 03:26:35','2011-01-04 03:26:35','GR-4d22936b636e0',2,12),
 (36,36,1,'GOODS_RECEIVED','0.0000',0,'2272.0000',100,'GR-4d22936c50cf5','2011-01-04 03:26:36','2011-01-04 03:26:36','GR-4d22936c50cf5',2,13),
 (37,37,1,'GOODS_RECEIVED','0.0000',0,'2272.0000',100,'GR-4d22936d3c58d','2011-01-04 03:26:37','2011-01-04 03:26:37','GR-4d22936d3c58d',2,14),
 (38,38,1,'GOODS_RECEIVED','0.0000',0,'8272.0000',100,'GR-4d22936e2c199','2011-01-04 03:26:38','2011-01-04 03:26:38','GR-4d22936e2c199',2,15),
 (39,39,1,'GOODS_RECEIVED','0.0000',0,'8272.0000',100,'GR-4d22936f2e771','2011-01-04 03:26:39','2011-01-04 03:26:39','GR-4d22936f2e771',2,16),
 (40,40,1,'GOODS_RECEIVED','0.0000',0,'8272.0000',100,'GR-4d2293702fbe3','2011-01-04 03:26:40','2011-01-04 03:26:40','GR-4d2293702fbe3',2,17),
 (41,41,1,'GOODS_RECEIVED','0.0000',0,'8272.0000',100,'GR-4d2293711d790','2011-01-04 03:26:41','2011-01-04 03:26:41','GR-4d2293711d790',2,18),
 (42,42,1,'GOODS_RECEIVED','0.0000',0,'1190.0000',100,'GR-4d22937234337','2011-01-04 03:26:42','2011-01-04 03:26:42','GR-4d22937234337',2,19),
 (43,43,1,'GOODS_RECEIVED','0.0000',0,'380.0000',100,'GR-4d229373448ae','2011-01-04 03:26:43','2011-01-04 03:26:43','GR-4d229373448ae',2,20),
 (44,44,1,'GOODS_RECEIVED','0.0000',0,'741.0000',100,'GR-4d22937446b81','2011-01-04 03:26:44','2011-01-04 03:26:44','GR-4d22937446b81',2,21),
 (45,45,1,'GOODS_RECEIVED','0.0000',0,'250.0000',100,'GR-4d2293756908f','2011-01-04 03:26:45','2011-01-04 03:26:45','GR-4d2293756908f',2,22),
 (46,46,1,'GOODS_RECEIVED','0.0000',0,'3750.0000',100,'GR-4d229376508b2','2011-01-04 03:26:46','2011-01-04 03:26:46','GR-4d229376508b2',2,23),
 (47,47,1,'GOODS_RECEIVED','0.0000',0,'2272.0000',100,'GR-4d2293787f005','2011-01-04 03:26:48','2011-01-04 03:26:48','GR-4d2293787f005',3,1),
 (48,48,1,'GOODS_RECEIVED','0.0000',0,'2272.0000',100,'GR-4d2293795f20b','2011-01-04 03:26:49','2011-01-04 03:26:49','GR-4d2293795f20b',3,2),
 (49,49,1,'GOODS_RECEIVED','0.0000',0,'2272.0000',100,'GR-4d22937a50a60','2011-01-04 03:26:50','2011-01-04 03:26:50','GR-4d22937a50a60',3,3),
 (50,50,1,'GOODS_RECEIVED','0.0000',0,'2272.0000',100,'GR-4d22937b388ee','2011-01-04 03:26:51','2011-01-04 03:26:51','GR-4d22937b388ee',3,4),
 (51,51,1,'GOODS_RECEIVED','0.0000',0,'2272.0000',100,'GR-4d22937c1fad3','2011-01-04 03:26:52','2011-01-04 03:26:52','GR-4d22937c1fad3',3,5),
 (52,52,1,'GOODS_RECEIVED','0.0000',0,'2272.0000',100,'GR-4d22937d24254','2011-01-04 03:26:53','2011-01-04 03:26:53','GR-4d22937d24254',3,6),
 (53,53,1,'GOODS_RECEIVED','0.0000',0,'1818.0000',100,'GR-4d22937e346b5','2011-01-04 03:26:54','2011-01-04 03:26:54','GR-4d22937e346b5',3,7),
 (54,54,1,'GOODS_RECEIVED','0.0000',0,'1818.0000',100,'GR-4d22937f1f277','2011-01-04 03:26:55','2011-01-04 03:26:55','GR-4d22937f1f277',3,8),
 (55,55,1,'GOODS_RECEIVED','0.0000',0,'618.0000',100,'GR-4d22938025ffa','2011-01-04 03:26:56','2011-01-04 03:26:56','GR-4d22938025ffa',3,9),
 (56,56,1,'GOODS_RECEIVED','0.0000',0,'618.0000',100,'GR-4d22938115758','2011-01-04 03:26:57','2011-01-04 03:26:57','GR-4d22938115758',3,10),
 (57,57,1,'GOODS_RECEIVED','0.0000',0,'2272.0000',100,'GR-4d2293823e98b','2011-01-04 03:26:58','2011-01-04 03:26:58','GR-4d2293823e98b',3,11),
 (58,58,1,'GOODS_RECEIVED','0.0000',0,'2272.0000',100,'GR-4d2293832ddf5','2011-01-04 03:26:59','2011-01-04 03:26:59','GR-4d2293832ddf5',3,12),
 (59,59,1,'GOODS_RECEIVED','0.0000',0,'2272.0000',100,'GR-4d22938413674','2011-01-04 03:27:00','2011-01-04 03:27:00','GR-4d22938413674',3,13),
 (60,60,1,'GOODS_RECEIVED','0.0000',0,'2272.0000',100,'GR-4d2293850db25','2011-01-04 03:27:01','2011-01-04 03:27:01','GR-4d2293850db25',3,14),
 (61,61,1,'GOODS_RECEIVED','0.0000',0,'8272.0000',100,'GR-4d229385f3211','2011-01-04 03:27:01','2011-01-04 03:27:01','GR-4d229385f3211',3,15),
 (62,62,1,'GOODS_RECEIVED','0.0000',0,'8272.0000',100,'GR-4d229386e3047','2011-01-04 03:27:02','2011-01-04 03:27:02','GR-4d229386e3047',3,16),
 (63,63,1,'GOODS_RECEIVED','0.0000',0,'8272.0000',100,'GR-4d229387d29bf','2011-01-04 03:27:03','2011-01-04 03:27:03','GR-4d229387d29bf',3,17),
 (64,64,1,'GOODS_RECEIVED','0.0000',0,'8272.0000',100,'GR-4d22938901533','2011-01-04 03:27:05','2011-01-04 03:27:05','GR-4d22938901533',3,18),
 (65,65,1,'GOODS_RECEIVED','0.0000',0,'1190.0000',100,'GR-4d229389e9517','2011-01-04 03:27:05','2011-01-04 03:27:05','GR-4d229389e9517',3,19),
 (66,66,1,'GOODS_RECEIVED','0.0000',0,'380.0000',100,'GR-4d22938ae9542','2011-01-04 03:27:06','2011-01-04 03:27:06','GR-4d22938ae9542',3,20),
 (67,67,1,'GOODS_RECEIVED','0.0000',0,'741.0000',100,'GR-4d22938c11f24','2011-01-04 03:27:08','2011-01-04 03:27:08','GR-4d22938c11f24',3,21),
 (68,68,1,'GOODS_RECEIVED','0.0000',0,'250.0000',100,'GR-4d22938d4084a','2011-01-04 03:27:09','2011-01-04 03:27:09','GR-4d22938d4084a',3,22),
 (69,69,1,'GOODS_RECEIVED','0.0000',0,'3750.0000',100,'GR-4d22938e445a7','2011-01-04 03:27:10','2011-01-04 03:27:10','GR-4d22938e445a7',3,23),
 (70,70,1,'GOODS_RECEIVED','0.0000',0,'2272.0000',100,'GR-4d22939069337','2011-01-04 03:27:12','2011-01-04 03:27:12','GR-4d22939069337',4,1),
 (71,71,1,'GOODS_RECEIVED','0.0000',0,'2272.0000',100,'GR-4d2293914bb80','2011-01-04 03:27:13','2011-01-04 03:27:13','GR-4d2293914bb80',4,2),
 (72,72,1,'GOODS_RECEIVED','0.0000',0,'2272.0000',100,'GR-4d2293924699a','2011-01-04 03:27:14','2011-01-04 03:27:14','GR-4d2293924699a',4,3),
 (73,73,1,'GOODS_RECEIVED','0.0000',0,'2272.0000',100,'GR-4d229393447d3','2011-01-04 03:27:15','2011-01-04 03:27:15','GR-4d229393447d3',4,4),
 (74,74,1,'GOODS_RECEIVED','0.0000',0,'2272.0000',100,'GR-4d2293946057e','2011-01-04 03:27:16','2011-01-04 03:27:16','GR-4d2293946057e',4,5),
 (75,75,1,'GOODS_RECEIVED','0.0000',0,'2272.0000',100,'GR-4d22939541ff3','2011-01-04 03:27:17','2011-01-04 03:27:17','GR-4d22939541ff3',4,6),
 (76,76,1,'GOODS_RECEIVED','0.0000',0,'1818.0000',100,'GR-4d2293962fb80','2011-01-04 03:27:18','2011-01-04 03:27:18','GR-4d2293962fb80',4,7),
 (77,77,1,'GOODS_RECEIVED','0.0000',0,'1818.0000',100,'GR-4d22939713590','2011-01-04 03:27:19','2011-01-04 03:27:19','GR-4d22939713590',4,8),
 (78,78,1,'GOODS_RECEIVED','0.0000',0,'618.0000',100,'GR-4d229397e8e1c','2011-01-04 03:27:19','2011-01-04 03:27:19','GR-4d229397e8e1c',4,9),
 (79,79,1,'GOODS_RECEIVED','0.0000',0,'618.0000',100,'GR-4d229398e953d','2011-01-04 03:27:20','2011-01-04 03:27:20','GR-4d229398e953d',4,10),
 (80,80,1,'GOODS_RECEIVED','0.0000',0,'2272.0000',100,'GR-4d22939a17b4a','2011-01-04 03:27:22','2011-01-04 03:27:22','GR-4d22939a17b4a',4,11),
 (81,81,1,'GOODS_RECEIVED','0.0000',0,'2272.0000',100,'GR-4d22939b04e9f','2011-01-04 03:27:23','2011-01-04 03:27:23','GR-4d22939b04e9f',4,12),
 (82,82,1,'GOODS_RECEIVED','0.0000',0,'2272.0000',100,'GR-4d22939bd8683','2011-01-04 03:27:23','2011-01-04 03:27:23','GR-4d22939bd8683',4,13),
 (83,83,1,'GOODS_RECEIVED','0.0000',0,'2272.0000',100,'GR-4d22939cb9e58','2011-01-04 03:27:24','2011-01-04 03:27:24','GR-4d22939cb9e58',4,14),
 (84,84,1,'GOODS_RECEIVED','0.0000',0,'8272.0000',100,'GR-4d22939db0129','2011-01-04 03:27:25','2011-01-04 03:27:25','GR-4d22939db0129',4,15),
 (85,85,1,'GOODS_RECEIVED','0.0000',0,'8272.0000',100,'GR-4d22939e94fa0','2011-01-04 03:27:26','2011-01-04 03:27:26','GR-4d22939e94fa0',4,16),
 (86,86,1,'GOODS_RECEIVED','0.0000',0,'8272.0000',100,'GR-4d22939fe9069','2011-01-04 03:27:27','2011-01-04 03:27:27','GR-4d22939fe9069',4,17),
 (87,87,1,'GOODS_RECEIVED','0.0000',0,'8272.0000',100,'GR-4d2293a0f339b','2011-01-04 03:27:29','2011-01-04 03:27:29','GR-4d2293a0f339b',4,18),
 (88,88,1,'GOODS_RECEIVED','0.0000',0,'1190.0000',100,'GR-4d2293a1e8c4c','2011-01-04 03:27:29','2011-01-04 03:27:29','GR-4d2293a1e8c4c',4,19),
 (89,89,1,'GOODS_RECEIVED','0.0000',0,'380.0000',100,'GR-4d2293a2dedd4','2011-01-04 03:27:30','2011-01-04 03:27:30','GR-4d2293a2dedd4',4,20),
 (90,90,1,'GOODS_RECEIVED','0.0000',0,'741.0000',100,'GR-4d2293a3d86e9','2011-01-04 03:27:31','2011-01-04 03:27:31','GR-4d2293a3d86e9',4,21),
 (91,91,1,'GOODS_RECEIVED','0.0000',0,'250.0000',100,'GR-4d2293a4ecbac','2011-01-04 03:27:32','2011-01-04 03:27:32','GR-4d2293a4ecbac',4,22),
 (92,92,1,'GOODS_RECEIVED','0.0000',0,'3750.0000',100,'GR-4d2293a5ed0c4','2011-01-04 03:27:33','2011-01-04 03:27:33','GR-4d2293a5ed0c4',4,23);
/*!40000 ALTER TABLE `transactions` ENABLE KEYS */;


--
-- Definition of table `users`
--

DROP TABLE IF EXISTS `users`;
CREATE TABLE `users` (
  `id` int(10) unsigned NOT NULL AUTO_INCREMENT,
  `username` varchar(45) NOT NULL,
  `password` varchar(45) NOT NULL,
  `created` datetime NOT NULL,
  `updated` datetime NOT NULL,
  `supervisor_id` int(10) unsigned DEFAULT NULL,
  `user_type` varchar(45) NOT NULL,
  PRIMARY KEY (`id`)
) ENGINE=InnoDB AUTO_INCREMENT=10 DEFAULT CHARSET=utf8;

--
-- Dumping data for table `users`
--

/*!40000 ALTER TABLE `users` DISABLE KEYS */;
INSERT INTO `users` (`id`,`username`,`password`,`created`,`updated`,`supervisor_id`,`user_type`) VALUES 
 (1,'admin','0ebf68e880b86539f37d4b7eb8c0c7b67d478603','2010-09-04 10:17:50','2010-09-04 13:05:57',NULL,'Admin'),
 (2,'ihna','0ebf68e880b86539f37d4b7eb8c0c7b67d478603','2011-01-04 03:24:00','2011-01-04 03:24:00',NULL,'Admin'),
 (3,'jennifer','0ebf68e880b86539f37d4b7eb8c0c7b67d478603','2011-01-04 03:24:01','2011-01-04 03:24:01',NULL,'Admin'),
 (4,'grace','0ebf68e880b86539f37d4b7eb8c0c7b67d478603','2011-01-04 03:24:03','2011-01-04 03:24:03',NULL,'Admin'),
 (5,'epiphany','0ebf68e880b86539f37d4b7eb8c0c7b67d478603','2011-01-04 03:24:04','2011-01-04 03:24:04',NULL,'Admin'),
 (6,'evelyn','0ebf68e880b86539f37d4b7eb8c0c7b67d478603','2011-01-04 03:24:05','2011-01-04 03:24:05',NULL,'Admin'),
 (7,'rhea','0ebf68e880b86539f37d4b7eb8c0c7b67d478603','2011-01-04 03:24:06','2011-01-04 03:24:06',NULL,'Admin'),
 (8,'lydia','0ebf68e880b86539f37d4b7eb8c0c7b67d478603','2011-01-04 03:24:07','2011-01-04 03:24:07',NULL,'Admin'),
 (9,'bien','0ebf68e880b86539f37d4b7eb8c0c7b67d478603','2011-01-04 03:24:08','2011-01-04 03:24:08',NULL,'Admin');
/*!40000 ALTER TABLE `users` ENABLE KEYS */;




/*!40101 SET SQL_MODE=@OLD_SQL_MODE */;
/*!40014 SET FOREIGN_KEY_CHECKS=@OLD_FOREIGN_KEY_CHECKS */;
/*!40014 SET UNIQUE_CHECKS=@OLD_UNIQUE_CHECKS */;
/*!40101 SET CHARACTER_SET_CLIENT=@OLD_CHARACTER_SET_CLIENT */;
/*!40101 SET CHARACTER_SET_RESULTS=@OLD_CHARACTER_SET_RESULTS */;
/*!40101 SET COLLATION_CONNECTION=@OLD_COLLATION_CONNECTION */;
/*!40101 SET CHARACTER_SET_CLIENT=@OLD_CHARACTER_SET_CLIENT */;
